{"0":{"precision":0.8942542787,"recall":0.9195474544,"f1-score":0.9067245119,"support":1591.0},"1":{"precision":0.6464088398,"recall":0.5749385749,"f1-score":0.6085825748,"support":407.0},"accuracy":{"precision":0.8493493493,"recall":0.8493493493,"f1-score":0.8493493493,"support":0.8493493493},"macro avg":{"precision":0.7703315593,"recall":0.7472430147,"f1-score":0.7576535434,"support":1998.0},"weighted avg":{"precision":0.8437672449,"recall":0.8493493493,"f1-score":0.8459918951,"support":1998.0}}