{"0":{"precision":0.894318876,"recall":0.9201759899,"f1-score":0.907063197,"support":1591.0},"1":{"precision":0.648199446,"recall":0.5749385749,"f1-score":0.609375,"support":407.0},"accuracy":{"precision":0.8498498498,"recall":0.8498498498,"f1-score":0.8498498498,"support":0.8498498498},"macro avg":{"precision":0.771259161,"recall":0.7475572824,"f1-score":0.7582190985,"support":1998.0},"weighted avg":{"precision":0.8441834365,"recall":0.8498498498,"f1-score":0.8464230087,"support":1998.0}}